;Subject;Test;FCz;FCz Oz;FCz O1;FCz PO8;FCz O2;FCz PO7;FCz PO3;FCz PO4;Oz Oz;Oz O1;Oz PO8;Oz O2;Oz PO7;Oz PO3;Oz PO4;O1 O1;O1 PO8;O1 O2;O1 PO7;O1 PO3;O1 PO4;PO8 PO8;O2 PO8;PO7 PO8;PO3 PO8;PO4 PO8;O2 O2;O2 PO7;O2 PO3;O2 PO4;PO7 PO7;PO7 PO3;PO7 PO4;PO3 PO3;PO3 PO4;PO4 PO4;SCORE_1;SCORE_2;SCORE_3;SCORE_4
0;S2;Resting open;1;0.178089172;0.17910828;0.170573248;0.198853503;0.209936306;0.174394904;0.182292994;1;0.951592357;0.677452229;0.668535032;0.580382166;0.764968153;0.50955414;1;0.683694268;0.661401274;0.574394904;0.767643312;0.506624204;1;0.524076433;0.461401274;0.649044586;0.399617834;1;0.790955414;0.658471338;0.634012739;1;0.569171975;0.642420382;1;0.540254777;1;26.1207;20.219;13.1471;14.227
0;S3;Resting open;1;0.165987261;0.139617834;0.14955414;0.148917197;0.152611465;0.130191083;0.140764331;1;0.568535032;0.467898089;0.617707006;0.385350318;0.477324841;0.542675159;1;0.524076433;0.435414013;0.278343949;0.455286624;0.391847134;1;0.35910828;0.241783439;0.397961783;0.329171975;1;0.471847134;0.408917197;0.621273885;1;0.282675159;0.432993631;1;0.421146497;1;3.20686;1.79838;2.6011;0.255512
0;S5;Resting open;1;0.157070064;0.158598726;0.158598726;0.150700637;0.16866242;0.141910828;0.14;1;0.523057325;0.34089172;0.523312102;0.411464968;0.48433121;0.423566879;1;0.526624204;0.33656051;0.317834395;0.512484076;0.278343949;1;0.233757962;0.229299363;0.435286624;0.204076433;1;0.507006369;0.341273885;0.475031847;1;0.288152866;0.405095541;1;0.331974522;1;-3.35122;-1.65949;-1.51836;-1.63565
0;S6;Resting open;1;0.142420382;0.136942675;0.112866242;0.160636943;0.156815287;0.119363057;0.150828025;1;0.581656051;0.412101911;0.50343949;0.393757962;0.444458599;0.496815287;1;0.471974522;0.431847134;0.344458599;0.499363057;0.432101911;1;0.308407643;0.258471338;0.454012739;0.316178344;1;0.548025478;0.349681529;0.552229299;1;0.29388535;0.517324841;1;0.398598726;1;2.66212;1.47911;2.39407;-0.0571754
0;S7;Resting open;1;0.125605096;0.107770701;0.1;0.135796178;0.141910828;0.097070064;0.106242038;1;0.60611465;0.591210191;0.628917197;0.460127389;0.588917197;0.497707006;1;0.650700637;0.479490446;0.364713376;0.571974522;0.424968153;1;0.448917197;0.327261146;0.582547771;0.382929936;1;0.597452229;0.482420382;0.553248408;1;0.37566879;0.507006369;1;0.478980892;1;12.3989;7.92177;5.66;6.01597
0;S10;Resting open;1;0.143057325;0.143694268;0.142929936;0.139490446;0.141019108;0.131847134;0.131847134;1;0.737070064;0.577324841;0.669808917;0.497452229;0.572356688;0.64343949;1;0.754649682;0.506496815;0.383949045;0.650191083;0.496942675;1;0.401146497;0.312738854;0.577452229;0.388025478;1;0.696178344;0.416305732;0.781019108;1;0.314394904;0.627388535;1;0.419617834;1;14.2699;11.1791;10.2055;8.65137
0;S11;Resting open;1;0.176687898;0.160509554;0.159617834;0.177961783;0.180509554;0.141528662;0.149171975;1;0.718089172;0.561910828;0.752611465;0.413121019;0.545732484;0.550700637;1;0.682038217;0.577579618;0.334267516;0.608535032;0.477070064;1;0.458980892;0.291082803;0.582547771;0.392101911;1;0.488152866;0.482929936;0.597834395;1;0.292101911;0.396178344;1;0.492356688;1;12.2313;7.83774;6.20225;6.72711
0;S13;Resting open;1;0.154904459;0.138980892;0.128535032;0.148407643;0.151719745;0.124840764;0.141656051;1;0.604458599;0.484585987;0.606369427;0.478089172;0.47566879;0.525859873;1;0.662038217;0.485477707;0.376687898;0.541656051;0.441273885;1;0.397579618;0.317707006;0.515414013;0.368407643;1;0.614012739;0.443184713;0.678853503;1;0.361910828;0.595796178;1;0.469044586;1;10.764;7.29508;6.65378;4.54426
0;S14;Resting open;1;0.169171975;0.163821656;0.125350318;0.177707006;0.182675159;0.137707006;0.156050955;1;0.457834395;0.267006369;0.473375796;0.36;0.392866242;0.406751592;1;0.440127389;0.378598726;0.293375796;0.489299363;0.324076433;1;0.21388535;0.172101911;0.320254777;0.186878981;1;0.465095541;0.347770701;0.478726115;1;0.273757962;0.418343949;1;0.351974522;1;-6.51359;-4.29775;-2.52434;-4.49956
0;S15;Resting open;1;0.152101911;0.141019108;0.134394904;0.17133758;0.188280255;0.125987261;0.13044586;1;0.7;0.563184713;0.684203822;0.440509554;0.572611465;0.477452229;1;0.685095541;0.493375796;0.334522293;0.550573248;0.355541401;1;0.408535032;0.287515924;0.542292994;0.314522293;1;0.619363057;0.45566879;0.561656051;1;0.31133758;0.465350318;1;0.478980892;1;9.4652;7.27898;4.1704;5.25058
0;S16;Resting open;1;0.111210191;0.101528662;0.098726115;0.118726115;0.134267516;0.103821656;0.108535032;1;0.591082803;0.514394904;0.552866242;0.378089172;0.484713376;0.401019108;1;0.573375796;0.452993631;0.305859873;0.504203822;0.355923567;1;0.421656051;0.296050955;0.44955414;0.315286624;1;0.538853503;0.421528662;0.463312102;1;0.290318471;0.38343949;1;0.371082803;1;3.86036;1.82332;-0.00304003;0.846992
0;S18;Resting open;1;0.196942675;0.180764331;0.167261146;0.201019108;0.203312102;0.136942675;0.139745223;1;0.702420382;0.562547771;0.634012739;0.463057325;0.530063694;0.426751592;1;0.686878981;0.536178344;0.390828025;0.573121019;0.365987261;1;0.439363057;0.330700637;0.537197452;0.302292994;1;0.608407643;0.416815287;0.478471338;1;0.322420382;0.469681529;1;0.389044586;1;9.31466;6.86492;2.87917;4.58123
0;S19;Resting open;1;0.15566879;0.159490446;0.137961783;0.153757962;0.137197452;0.111592357;0.109299363;1;0.67910828;0.354522293;0.705477707;0.344458599;0.456305732;0.439235669;1;0.478343949;0.496050955;0.268917197;0.544458599;0.328152866;1;0.27133758;0.172484076;0.38522293;0.19566879;1;0.470063694;0.336433121;0.524076433;1;0.189171975;0.343949045;1;0.284458599;1;-3.97685;-0.848343;-1.07223;-1.33994
0;S20;Resting open;1;0.134012739;0.129681529;0.12;0.157961783;0.178216561;0.106624204;0.123184713;1;0.720509554;0.507643312;0.676305732;0.530828025;0.54433121;0.592738854;1;0.639363057;0.567261146;0.430828025;0.642420382;0.502165605;1;0.427261146;0.33477707;0.522802548;0.36522293;1;0.661783439;0.423949045;0.546496815;1;0.338343949;0.49910828;1;0.481910828;1;13.379;9.995;7.62865;6.21126
0;S21;Resting open;1;0.145859873;0.133630573;0.125477707;0.165350318;0.168917197;0.114140127;0.139235669;1;0.532356688;0.498726115;0.584458599;0.4;0.465987261;0.46343949;1;0.601910828;0.461656051;0.343312102;0.467133758;0.389299363;1;0.414649682;0.292866242;0.460254777;0.348025478;1;0.486242038;0.407515924;0.513121019;1;0.317834395;0.426242038;1;0.457961783;1;5.99996;2.60924;1.80153;1.13201
0;S22;Resting open;1;0.301019108;0.277070064;0.275159236;0.297579618;0.312866242;0.24522293;0.256687898;1;0.726369427;0.638216561;0.718471338;0.591847134;0.571464968;0.601146497;1;0.691082803;0.616305732;0.518853503;0.56522293;0.521910828;1;0.571082803;0.501783439;0.532484076;0.467006369;1;0.664585987;0.534267516;0.633121019;1;0.469426752;0.559745223;1;0.566624204;1;23.1722;15.4904;11.2;8.89652
0;S24;Resting open;1;0.180509554;0.159872611;0.153121019;0.184713376;0.179490446;0.119490446;0.135159236;1;0.62343949;0.437707006;0.675796178;0.49133758;0.482929936;0.527770701;1;0.566496815;0.475541401;0.352356688;0.509299363;0.378471338;1;0.348917197;0.27656051;0.419872611;0.267133758;1;0.669936306;0.383057325;0.613757962;1;0.292611465;0.537452229;1;0.39388535;1;5.34526;5.51147;4.24315;1.6992
0;S25;Resting open;1;0.097452229;0.090063694;0.067261146;0.093630573;0.073375796;0.106878981;0.107643312;1;0.566878981;0.212101911;0.544840764;0.252484076;0.534522293;0.473375796;1;0.338980892;0.339363057;0.175031847;0.618853503;0.301146497;1;0.158980892;0.118216561;0.256050955;0.138343949;1;0.453757962;0.322802548;0.589044586;1;0.164840764;0.322675159;1;0.348280255;1;-11.3862;-5.56892;-2.01344;-3.80001
0;S26;Resting open;1;0.088152866;0.090700637;0.084840764;0.088917197;0.068280255;0.101656051;0.094904459;1;0.408917197;0.306369427;0.348280255;0.186369427;0.325987261;0.303821656;1;0.51388535;0.368789809;0.176815287;0.503949045;0.325732484;1;0.264968153;0.152101911;0.390063694;0.239617834;1;0.224076433;0.303184713;0.396687898;1;0.160127389;0.213757962;1;0.314904459;1;-10.9934;-10.9834;-7.4995;-5.71126
0;S27;Resting open;1;0.086242038;0.076178344;0.075031847;0.079363057;0.075541401;0.084203822;0.092738854;1;0.55133758;0.426496815;0.49656051;0.318216561;0.237324841;0.34866242;1;0.568535032;0.443057325;0.308535032;0.274904459;0.314267516;1;0.336815287;0.234522293;0.265987261;0.252101911;1;0.45477707;0.208280255;0.435414013;1;0.162547771;0.332866242;1;0.232484076;1;-6.05315;-5.48786;-6.0358;-7.01662
0;S28;Resting open;1;0.097707006;0.107770701;0.099872611;0.097324841;0.076305732;0.115286624;0.102675159;1;0.328407643;0.329171975;0.297452229;0.156305732;0.351847134;0.257324841;1;0.442165605;0.28866242;0.170573248;0.452993631;0.238726115;1;0.267388535;0.152356688;0.498726115;0.223184713;1;0.316687898;0.305732484;0.420254777;1;0.165732484;0.297834395;1;0.28433121;1;-12.168;-11.7737;-8.09421;-5.90762
0;S29;Resting open;1;0.090955414;0.086624204;0.090063694;0.080127389;0.079490446;0.125350318;0.104713376;1;0.525095541;0.362929936;0.508025478;0.295414013;0.421783439;0.497070064;1;0.430700637;0.363057325;0.236815287;0.433248408;0.36433121;1;0.25566879;0.194267516;0.364203822;0.255286624;1;0.442929936;0.292101911;0.516433121;1;0.204203822;0.352484076;1;0.401528662;1;-4.91444;-4.09121;-1.66345;-3.74521
0;S30;Resting open;1;0.054012739;0.055541401;0.052356688;0.049936306;0.056050955;0.072738854;0.063821656;1;0.682802548;0.412101911;0.426624204;0.316815287;0.432229299;0.379872611;1;0.584585987;0.296687898;0.240636943;0.487133758;0.29133758;1;0.193121019;0.170828025;0.409171975;0.19566879;1;0.393630573;0.214140127;0.337961783;1;0.190955414;0.469044586;1;0.325859873;1;-7.01774;-4.71668;-4.90008;-3.11078
0;S31;Resting open;1;0.070063694;0.070828025;0.062292994;0.060254777;0.064203822;0.071974522;0.077707006;1;0.463057325;0.408152866;0.395796178;0.276305732;0.418980892;0.362675159;1;0.530191083;0.354140127;0.249171975;0.433630573;0.295414013;1;0.317070064;0.223821656;0.390063694;0.238598726;1;0.358343949;0.344458599;0.365987261;1;0.246496815;0.295286624;1;0.34866242;1;-5.43119;-6.0309;-5.37922;-4.06346
0;S32;Resting open;1;0.083184713;0.083694268;0.083566879;0.079872611;0.06866242;0.08611465;0.080382166;1;0.672356688;0.485477707;0.640254777;0.427006369;0.594904459;0.518853503;1;0.598980892;0.514012739;0.337579618;0.634267516;0.415541401;1;0.37656051;0.272484076;0.513757962;0.309044586;1;0.508917197;0.451082803;0.517070064;1;0.319490446;0.426878981;1;0.490063694;1;7.84918;5.72757;4.29049;4.70268
0;S33;Resting open;1;0.069299363;0.070063694;0.068407643;0.063821656;0.062165605;0.075541401;0.067261146;1;0.578726115;0.427770701;0.411464968;0.265732484;0.484076433;0.388535032;1;0.605350318;0.291974522;0.200254777;0.561783439;0.276305732;1;0.223821656;0.171082803;0.530700637;0.213121019;1;0.414012739;0.276433121;0.547133758;1;0.190191083;0.413375796;1;0.302802548;1;-6.20541;-4.74124;-2.91285;-0.440364
0;S34;Resting open;1;0.074904459;0.081019108;0.086242038;0.070955414;0.069936306;0.111210191;0.127133758;1;0.524585987;0.361656051;0.456687898;0.265350318;0.338980892;0.206242038;1;0.577707006;0.259363057;0.172611465;0.317197452;0.151592357;1;0.194394904;0.148407643;0.317707006;0.133248408;1;0.489426752;0.257197452;0.29910828;1;0.180636943;0.281783439;1;0.274012739;1;-13.1293;-9.15563;-10.5071;-7.7659
0;S35;Resting open;1;0.101910828;0.096305732;0.095286624;0.101401274;0.096305732;0.123694268;0.141783439;1;0.595031847;0.479872611;0.580382166;0.302292994;0.500636943;0.313248408;1;0.60522293;0.455541401;0.238726115;0.518216561;0.28522293;1;0.356942675;0.205350318;0.474012739;0.232611465;1;0.464458599;0.392993631;0.358726115;1;0.243566879;0.301019108;1;0.362292994;1;-1.38186;-1.45007;-3.73191;-0.208924
0;S36;Resting open;1;0.080509554;0.074140127;0.082038217;0.075541401;0.084840764;0.076942675;0.079235669;1;0.595541401;0.389808917;0.515414013;0.296050955;0.501528662;0.365732484;1;0.54343949;0.389171975;0.244203822;0.551847134;0.275159236;1;0.270828025;0.198980892;0.418216561;0.205477707;1;0.468789809;0.34433121;0.46343949;1;0.220636943;0.345477707;1;0.338471338;1;-4.68591;-2.84624;-3.00597;-1.23437
0;S37;Resting open;1;0.089936306;0.085350318;0.087006369;0.088407643;0.085095541;0.097961783;0.107006369;1;0.487006369;0.298216561;0.529681529;0.209044586;0.478216561;0.491974522;1;0.552611465;0.325095541;0.16955414;0.735031847;0.320127389;1;0.221528662;0.137324841;0.492484076;0.215541401;1;0.376433121;0.316433121;0.622292994;1;0.163057325;0.321273885;1;0.346751592;1;-7.53452;-5.39722;-0.710671;0.290242
0;S2;Resting;1;0.16089172;0.160382166;0.146496815;0.184713376;0.195923567;0.148535032;0.16522293;1;0.954649682;0.676687898;0.670573248;0.574267516;0.765095541;0.525859873;1;0.688789809;0.666242038;0.569808917;0.763184713;0.52089172;1;0.511082803;0.444076433;0.629808917;0.407770701;1;0.807006369;0.67044586;0.699617834;1;0.577197452;0.681656051;1;0.581273885;1;26.8016;20.8867;14.2814;14.5793
0;S3;Resting;1;0.156305732;0.12955414;0.125477707;0.147515924;0.163184713;0.110573248;0.141910828;1;0.552101911;0.451592357;0.584968153;0.367388535;0.469044586;0.524968153;1;0.49910828;0.375923567;0.25388535;0.444585987;0.348152866;1;0.292229299;0.212101911;0.401401274;0.285859873;1;0.422038217;0.352738854;0.558089172;1;0.224968153;0.407898089;1;0.364585987;1;-1.2754;-1.18798;0.1261;-1.48047
0;S5;Resting;1;0.114012739;0.131592357;0.137324841;0.107515924;0.116050955;0.101019108;0.084713376;1;0.443949045;0.257197452;0.525605096;0.365477707;0.479745223;0.380764331;1;0.516433121;0.268280255;0.228280255;0.502547771;0.195796178;1;0.168789809;0.150700637;0.372484076;0.133503185;1;0.528917197;0.298726115;0.494522293;1;0.231719745;0.390573248;1;0.276178344;1;-10.0425;-5.29783;-4.08512;-4.01512
0;S6;Resting;1;0.149808917;0.13656051;0.12522293;0.151464968;0.148535032;0.130318471;0.140509554;1;0.648917197;0.406496815;0.536687898;0.315286624;0.443566879;0.471210191;1;0.502420382;0.415159236;0.261273885;0.475796178;0.387133758;1;0.284840764;0.198471338;0.46433121;0.27566879;1;0.483566879;0.333630573;0.538343949;1;0.250063694;0.504076433;1;0.403312102;1;-0.353404;-0.293915;0.597404;-0.497248
0;S7;Resting;1;0.161273885;0.149299363;0.142675159;0.155159236;0.162547771;0.125732484;0.137197452;1;0.617324841;0.583949045;0.523694268;0.431847134;0.510573248;0.513121019;1;0.682292994;0.449044586;0.353630573;0.546751592;0.40343949;1;0.413375796;0.322929936;0.523821656;0.372993631;1;0.529808917;0.399235669;0.479490446;1;0.324968153;0.485859873;1;0.416687898;1;8.72445;4.73424;3.05073;3.67403
0;S10;Resting;1;0.100254777;0.098089172;0.100254777;0.107770701;0.134649682;0.090063694;0.097324841;1;0.66089172;0.485605096;0.597834395;0.401401274;0.611719745;0.55656051;1;0.736942675;0.420636943;0.300764331;0.835286624;0.389808917;1;0.317452229;0.242802548;0.697579618;0.291464968;1;0.64866242;0.389936306;0.754649682;1;0.276050955;0.540509554;1;0.386751592;1;7.196;6.48176;7.33977;9.04729
0;S11;Resting;1;0.154649682;0.132101911;0.121273885;0.155031847;0.15477707;0.090063694;0.11133758;1;0.707898089;0.485605096;0.796942675;0.531592357;0.42522293;0.566878981;1;0.664458599;0.578343949;0.394267516;0.567261146;0.456433121;1;0.402802548;0.29910828;0.544203822;0.326496815;1;0.661528662;0.37388535;0.646369427;1;0.269936306;0.521019108;1;0.411719745;1;10.568;8.67792;6.84058;4.81234
0;S13;Resting;1;0.176942675;0.152484076;0.154140127;0.170700637;0.157834395;0.131847134;0.155796178;1;0.617324841;0.480254777;0.597070064;0.428152866;0.465987261;0.532738854;1;0.650700637;0.438343949;0.327898089;0.535414013;0.415031847;1;0.358089172;0.284203822;0.521146497;0.342547771;1;0.621273885;0.382675159;0.714140127;1;0.313630573;0.629936306;1;0.42955414;1;7.71816;5.66465;5.91366;3.84401
0;S14;Resting;1;0.150573248;0.144713376;0.120764331;0.179872611;0.181783439;0.114649682;0.135159236;1;0.517197452;0.324203822;0.577707006;0.433121019;0.453630573;0.50611465;1;0.510063694;0.438726115;0.332611465;0.518216561;0.369171975;1;0.276687898;0.225095541;0.338089172;0.234649682;1;0.548407643;0.366624204;0.535286624;1;0.270191083;0.452611465;1;0.393248408;1;-0.517281;0.569886;1.23313;-1.47219
0;S15;Resting;1;0.131210191;0.135414013;0.141146497;0.129681529;0.12343949;0.096433121;0.083184713;1;0.666496815;0.485605096;0.616433121;0.36433121;0.477070064;0.368025478;1;0.692356688;0.411847134;0.259745223;0.482038217;0.260509554;1;0.307643312;0.210573248;0.432356688;0.20522293;1;0.578471338;0.343694268;0.449936306;1;0.221783439;0.361146497;1;0.372229299;1;-0.883881;0.450307;-2.37414;0.0843984
0;S16;Resting;1;0.117707006;0.114140127;0.119872611;0.131592357;0.141273885;0.097579618;0.105859873;1;0.602929936;0.523312102;0.605095541;0.449681529;0.512229299;0.498343949;1;0.61477707;0.516050955;0.402420382;0.500254777;0.408917197;1;0.465732484;0.389681529;0.469681529;0.337452229;1;0.606242038;0.446496815;0.557197452;1;0.337707006;0.435414013;1;0.461783439;1;10.3067;6.49322;4.21527;3.25505
0;S18;Resting;1;0.159745223;0.152866242;0.135414013;0.177834395;0.182292994;0.123949045;0.13388535;1;0.666878981;0.474267516;0.543057325;0.369044586;0.496815287;0.377070064;1;0.642420382;0.422038217;0.287388535;0.528917197;0.288280255;1;0.313503185;0.226624204;0.456178344;0.21477707;1;0.575031847;0.343949045;0.454140127;1;0.243312102;0.445477707;1;0.318471338;1;-0.352703;0.798002;-1.49573;0.594132
0;S19;Resting;1;0.127770701;0.123312102;0.123057325;0.137324841;0.133375796;0.087006369;0.099617834;1;0.684458599;0.34866242;0.667388535;0.308917197;0.436305732;0.426496815;1;0.503566879;0.465732484;0.25133758;0.544585987;0.308917197;1;0.267515924;0.18343949;0.398726115;0.19044586;1;0.450318471;0.306496815;0.541019108;1;0.176050955;0.350191083;1;0.273248408;1;-5.10655;-1.94158;-1.71421;-1.53649
0;S20;Resting;1;0.154394904;0.135796178;0.137961783;0.187133758;0.207261146;0.113121019;0.137834395;1;0.485859873;0.383821656;0.492866242;0.354522293;0.368025478;0.477707006;1;0.541146497;0.416178344;0.281401274;0.562802548;0.432229299;1;0.380764331;0.283184713;0.470955414;0.344458599;1;0.635796178;0.321273885;0.495031847;1;0.22;0.354012739;1;0.442547771;1;1.74353;-0.479822;0.945795;-0.365606
0;S21;Resting;1;0.106369427;0.104203822;0.099872611;0.11388535;0.125605096;0.085477707;0.08866242;1;0.557452229;0.432866242;0.54611465;0.368025478;0.417707006;0.43044586;1;0.598726115;0.369044586;0.259363057;0.420127389;0.309426752;1;0.277452229;0.204203822;0.356305732;0.231974522;1;0.525732484;0.320127389;0.494649682;1;0.229171975;0.387388535;1;0.383694268;1;-2.67656;-1.74682;-2.07047;-2.49288
0;S22;Resting;1;0.279363057;0.267006369;0.274267516;0.27566879;0.27044586;0.196687898;0.194140127;1;0.729171975;0.618598726;0.718980892;0.510063694;0.540636943;0.517197452;1;0.699617834;0.582547771;0.421656051;0.531210191;0.438598726;1;0.505095541;0.384968153;0.493375796;0.367515924;1;0.610828025;0.466751592;0.545477707;1;0.339617834;0.423057325;1;0.52866242;1;14.9691;10.2317;5.97726;5.88158
0;S24;Resting;1;0.150955414;0.142420382;0.115541401;0.156050955;0.154904459;0.095414013;0.104840764;1;0.543821656;0.26433121;0.649171975;0.474904459;0.397961783;0.504203822;1;0.481656051;0.337070064;0.258471338;0.511719745;0.273503185;1;0.174140127;0.147261146;0.312993631;0.141528662;1;0.722929936;0.259872611;0.619363057;1;0.199235669;0.518216561;1;0.260636943;1;-6.90737;-0.905031;0.191177;-3.35491
0;S25;Resting;1;0.091082803;0.096050955;0.080509554;0.078471338;0.066496815;0.102802548;0.08955414;1;0.546369427;0.292866242;0.543184713;0.283821656;0.483566879;0.444713376;1;0.471847134;0.329808917;0.178853503;0.624713376;0.268280255;1;0.2;0.126369427;0.425732484;0.167133758;1;0.491592357;0.304840764;0.595541401;1;0.164203822;0.392738854;1;0.29477707;1;-8.8981;-4.57292;-1.73217;-1.67866
0;S26;Resting;1;0.070063694;0.070063694;0.065987261;0.069426752;0.060254777;0.076050955;0.070191083;1;0.38611465;0.252356688;0.32433121;0.17044586;0.305477707;0.299235669;1;0.541528662;0.221401274;0.124458599;0.557834395;0.212866242;1;0.148152866;0.096178344;0.429171975;0.139872611;1;0.336942675;0.183312102;0.497961783;1;0.109299363;0.275796178;1;0.200764331;1;-17.5456;-13.5378;-8.65147;-6.42115
0;S27;Resting;1;0.102929936;0.107643312;0.10955414;0.123566879;0.120636943;0.096942675;0.101783439;1;0.510700637;0.391847134;0.436050955;0.281910828;0.323821656;0.293121019;1;0.566496815;0.361910828;0.231974522;0.390318471;0.244076433;1;0.282420382;0.189808917;0.401656051;0.19910828;1;0.484968153;0.238980892;0.375796178;1;0.162420382;0.297707006;1;0.236687898;1;-8.95531;-7.23341;-7.41935;-5.56752
0;S28;Resting;1;0.091719745;0.086242038;0.098089172;0.092993631;0.089808917;0.089808917;0.090318471;1;0.427770701;0.341273885;0.326369427;0.170700637;0.391464968;0.29477707;1;0.509171975;0.283184713;0.156433121;0.505987261;0.23388535;1;0.235414013;0.138726115;0.442675159;0.18955414;1;0.365605096;0.26343949;0.547515924;1;0.145605096;0.323949045;1;0.252229299;1;-12.4796;-10.2617;-6.63389;-4.63167
0;S29;Resting;1;0.114012739;0.11566879;0.11656051;0.112229299;0.116687898;0.137961783;0.109936306;1;0.572866242;0.333121019;0.542420382;0.281656051;0.422802548;0.489044586;1;0.519490446;0.359872611;0.218980892;0.504076433;0.333503185;1;0.232738854;0.17133758;0.36955414;0.207133758;1;0.489936306;0.250573248;0.523184713;1;0.161783439;0.324076433;1;0.338471338;1;-6.86105;-4.2989;-2.29762;-3.05111
0;S30;Resting;1;0.068917197;0.065605096;0.06089172;0.062675159;0.074649682;0.091210191;0.084203822;1;0.712484076;0.38522293;0.428789809;0.311082803;0.55044586;0.452866242;1;0.54;0.321783439;0.237707006;0.588789809;0.343566879;1;0.204458599;0.168535032;0.408789809;0.207388535;1;0.399745223;0.263949045;0.406496815;1;0.21388535;0.48343949;1;0.385477707;1;-4.77685;-2.55502;-1.90978;-0.759563
0;S31;Resting;1;0.06433121;0.071974522;0.069171975;0.063566879;0.069936306;0.07656051;0.073248408;1;0.278471338;0.230318471;0.418726115;0.284840764;0.331847134;0.393248408;1;0.49133758;0.160764331;0.155923567;0.423821656;0.205350318;1;0.127898089;0.130700637;0.396178344;0.168152866;1;0.344203822;0.19477707;0.391719745;1;0.182038217;0.344968153;1;0.286496815;1;-15.2789;-12.0215;-7.65292;-7.94049
0;S32;Resting;1;0.062292994;0.064203822;0.067388535;0.065477707;0.069426752;0.069808917;0.074012739;1;0.65656051;0.407133758;0.616687898;0.425350318;0.541273885;0.481910828;1;0.608025478;0.427643312;0.296942675;0.617452229;0.344458599;1;0.29656051;0.223821656;0.456050955;0.227643312;1;0.609171975;0.36089172;0.509426752;1;0.270318471;0.449808917;1;0.409681529;1;1.85584;3.05291;1.88169;2.1903
0;S33;Resting;1;0.059745223;0.058853503;0.064585987;0.070063694;0.077707006;0.06866242;0.068152866;1;0.500509554;0.24955414;0.348280255;0.130573248;0.39388535;0.285987261;1;0.509426752;0.183821656;0.095923567;0.471464968;0.145732484;1;0.107261146;0.081146497;0.336050955;0.091974522;1;0.278343949;0.16611465;0.525987261;1;0.089171975;0.232866242;1;0.179872611;1;-20.6284;-14.4067;-10.2888;-7.72606
0;S34;Resting;1;0.07656051;0.068789809;0.066878981;0.076050955;0.067515924;0.083949045;0.116050955;1;0.585605096;0.381019108;0.491464968;0.256815287;0.482802548;0.304203822;1;0.616942675;0.304203822;0.177579618;0.46343949;0.210828025;1;0.223057325;0.15044586;0.360127389;0.150318471;1;0.54611465;0.324585987;0.406242038;1;0.184458599;0.297961783;1;0.352484076;1;-8.59039;-5.10475;-6.16048;-3.27647
0;S35;Resting;1;0.086751592;0.081146497;0.080764331;0.076433121;0.061656051;0.091974522;0.101656051;1;0.558343949;0.468152866;0.548789809;0.279745223;0.463566879;0.28866242;1;0.551592357;0.410063694;0.221019108;0.481146497;0.258471338;1;0.324840764;0.168535032;0.433503185;0.193503185;1;0.428152866;0.343694268;0.327388535;1;0.200636943;0.257070064;1;0.318726115;1;-5.64537;-4.4926;-6.09759;-2.6414
0;S36;Resting;1;0.09910828;0.097707006;0.096305732;0.095414013;0.094012739;0.101146497;0.087515924;1;0.568789809;0.314904459;0.487388535;0.256815287;0.472738854;0.356178344;1;0.54089172;0.308152866;0.180636943;0.567643312;0.238598726;1;0.187133758;0.12522293;0.370573248;0.14433121;1;0.482165605;0.273248408;0.530573248;1;0.166369427;0.384713376;1;0.300764331;1;-10.3269;-5.77196;-4.20716;-2.90511
0;S37;Resting;1;0.06;0.061783439;0.062292994;0.049681529;0.05566879;0.069171975;0.058471338;1;0.412866242;0.195923567;0.46343949;0.133503185;0.4;0.410955414;1;0.466242038;0.220636943;0.113630573;0.766242038;0.226242038;1;0.130191083;0.094140127;0.434140127;0.135031847;1;0.284968153;0.216050955;0.612866242;1;0.114140127;0.257579618;1;0.250573248;1;-16.9782;-11.842;-4.98896;-3.59935
0;S2;Contrast left;1;0.132582081;0.132721202;0.114218141;0.154841402;0.153728436;0.132999444;0.135364496;1;0.94671675;0.50556483;0.609348915;0.494156928;0.710907067;0.454924875;1;0.516694491;0.603227602;0.491513634;0.713828603;0.450473011;1;0.393155259;0.338063439;0.487896494;0.311908737;1;0.689899833;0.640233723;0.583472454;1;0.507651642;0.524485253;1;0.524624374;1;15.5511;13.5505;8.43493;8.66162
0;S3;Contrast left;1;0.180300501;0.185169727;0.199220924;0.171396772;0.204924875;0.165553701;0.158736784;1;0.622426266;0.520728993;0.626460768;0.531441291;0.516416249;0.601558152;1;0.57721202;0.473984418;0.445603784;0.486366166;0.463411241;1;0.395520312;0.390929327;0.464524207;0.396076795;1;0.528241514;0.43377852;0.60294936;1;0.387173066;0.541875348;1;0.477045075;1;12.2595;7.92128;6.86539;3.57076
0;S5;Contrast left;1;0.148580968;0.150946021;0.166666667;0.131747357;0.152754591;0.138286032;0.126043406;1;0.462159154;0.326655537;0.499026155;0.379243183;0.423205342;0.401919866;1;0.487618253;0.282693378;0.259877574;0.472593211;0.259877574;1;0.221062883;0.202420701;0.415971063;0.194212577;1;0.458959377;0.284641068;0.448386199;1;0.250556483;0.398720089;1;0.275319978;1;-7.31209;-4.95792;-3.68351;-3.98277
0;S6;Contrast left;1;0.089732888;0.086811352;0.06803005;0.093210907;0.111574847;0.079437952;0.095019477;1;0.449081803;0.255843072;0.350445186;0.262520868;0.372426266;0.361713968;1;0.321368948;0.293127435;0.207011686;0.475236505;0.329716194;1;0.18572621;0.135364496;0.287562604;0.203116305;1;0.422231497;0.272398442;0.428491931;1;0.210628826;0.388146912;1;0.34738453;1;-11.6644;-8.79533;-5.26982;-7.14189
0;S7;Contrast left;1;0.137451308;0.153311074;0.127712855;0.166110184;0.153171953;0.1360601;0.144407346;1;0.539788536;0.481079577;0.44852532;0.386755704;0.484418475;0.467306622;1;0.545770729;0.429187535;0.336533111;0.526989427;0.425431274;1;0.399972176;0.319282137;0.4705064;0.377573734;1;0.463132999;0.37506956;0.432248191;1;0.330411797;0.43377852;1;0.455620479;1;5.35832;1.36686;1.32054;0.89256
0;S10;Contrast left;1;0.096967168;0.092654424;0.088063439;0.100166945;0.090706733;0.083194213;0.093906511;1;0.709376739;0.542849193;0.672370618;0.406371731;0.541875348;0.601836394;1;0.750139121;0.500556483;0.323177518;0.640094602;0.460211464;1;0.387590428;0.271146355;0.566777963;0.356844741;1;0.546605454;0.397746244;0.689204229;1;0.266277129;0.473288815;1;0.397468002;1;9.46559;6.84268;6.49641;6.64265
0;S11;Contrast left;1;0.219671675;0.217863105;0.20589872;0.228297162;0.232331664;0.186282693;0.195325543;1;0.699081803;0.522259321;0.736922649;0.484835838;0.5221202;0.522815804;1;0.644685587;0.632025598;0.433639399;0.600306066;0.481496939;1;0.477740679;0.36032276;0.570951586;0.382164719;1;0.567195326;0.497356706;0.585837507;1;0.3639399;0.452559822;1;0.461880913;1;14.4872;9.81283;7.09724;6.5618
0;S13;Contrast left;1;0.171814135;0.156510851;0.159571508;0.18558709;0.183639399;0.143989983;0.173761825;1;0.588341681;0.477323317;0.633277685;0.483305509;0.494156928;0.575681692;1;0.640233723;0.513494713;0.420840289;0.558291597;0.505982193;1;0.437813022;0.377851976;0.554535337;0.436700056;1;0.604340568;0.456872565;0.690873678;1;0.394407346;0.619782972;1;0.517250974;1;14.6331;9.19369;8.99086;5.869
0;S14;Contrast left;1;0.112409572;0.100027824;0.086115748;0.124095715;0.126739009;0.103088481;0.113522538;1;0.452420701;0.259042849;0.437673901;0.349888703;0.42640512;0.466054535;1;0.406371731;0.320395103;0.24081803;0.439899833;0.326794658;1;0.199916528;0.161936561;0.262103506;0.201725097;1;0.415692821;0.329577073;0.471619366;1;0.257234279;0.394546466;1;0.385920979;1;-7.98066;-5.62552;-2.91831;-5.7095
0;S15;Contrast left;1;0.153032832;0.146076795;0.132860323;0.160545353;0.153171953;0.116722315;0.116304953;1;0.623817474;0.463967724;0.679744018;0.424179188;0.559404563;0.493461324;1;0.601001669;0.453533667;0.304117974;0.546883695;0.342097941;1;0.329298831;0.230244853;0.513494713;0.270728993;1;0.597106288;0.425431274;0.563856427;1;0.28867557;0.463828603;1;0.442682248;1;4.73419;4.48754;3.12973;3.11771
0;S16;Contrast left;1;0.095715081;0.099888703;0.111018364;0.102392877;0.122008904;0.098497496;0.10475793;1;0.563995548;0.467167501;0.499582638;0.33820256;0.417918753;0.419866444;1;0.613522538;0.426126878;0.289788536;0.441430161;0.389398998;1;0.390929327;0.291179744;0.449777407;0.361992209;1;0.508903728;0.3639399;0.510016694;1;0.289232053;0.404284919;1;0.401085142;1;3.19825;0.28882;-0.00822409;-0.150554
0;S18;Contrast left;1;0.205203116;0.204646633;0.186978297;0.226627713;0.237479132;0.156928214;0.176683361;1;0.724958264;0.57359488;0.632164719;0.465219811;0.547996661;0.46132443;1;0.68377852;0.567334446;0.409293267;0.596410684;0.396633278;1;0.465637173;0.353505843;0.549526989;0.331107401;1;0.632999444;0.432943795;0.523233166;1;0.324986088;0.519616027;1;0.414440735;1;11.7488;8.57483;4.74031;5.82615
0;S19;Contrast left;1;0.152058987;0.151502504;0.143711742;0.15261547;0.147328881;0.098636617;0.114079021;1;0.63411241;0.328464107;0.719393434;0.373817474;0.409015025;0.459098497;1;0.47968837;0.482749026;0.277685031;0.52754591;0.314969393;1;0.261407902;0.180856984;0.412493044;0.206037841;1;0.502504174;0.320534224;0.530884808;1;0.198664441;0.406510851;1;0.298831386;1;-3.55204;-0.616229;-0.442979;-1.59851
0;S20;Contrast left;1;0.124095715;0.121730662;0.110879243;0.138286032;0.155537006;0.107679466;0.120339455;1;0.704924875;0.496104619;0.64329438;0.467863105;0.506677796;0.519198664;1;0.612548692;0.555509182;0.404980523;0.589593767;0.462993879;1;0.435030607;0.353366722;0.48720089;0.350584307;1;0.60837507;0.415136338;0.509042849;1;0.320116861;0.42640512;1;0.486644407;1;10.7869;7.42209;5.01225;4.27382
0;S21;Contrast left;1;0.141068447;0.127712855;0.118113523;0.150389538;0.178213689;0.101697273;0.13411241;1;0.646215915;0.515998887;0.616722315;0.474958264;0.454646633;0.441569282;1;0.641207568;0.476210351;0.367417919;0.454507513;0.370061213;1;0.387173066;0.310517529;0.41360601;0.308708959;1;0.606983862;0.398441848;0.5073734;1;0.329159711;0.475514747;1;0.434056761;1;6.90519;4.99594;2.09086;1.36098
0;S22;Contrast left;1;0.307317752;0.294518642;0.294936004;0.309543684;0.309265442;0.253060657;0.249860879;1;0.729271007;0.619782972;0.717306622;0.564552031;0.608653311;0.593906511;1;0.674457429;0.628130217;0.505286589;0.611992209;0.523094046;1;0.536449638;0.476349471;0.559961046;0.443516973;1;0.641346689;0.58263773;0.640511964;1;0.474958264;0.54590985;1;0.61588759;1;22.9126;15.4647;11.5185;9.72902
0;S24;Contrast left;1;0.131608236;0.130773511;0.122843628;0.138286032;0.134390651;0.09376739;0.096828047;1;0.574151363;0.412632165;0.620756817;0.432387312;0.463689482;0.474680022;1;0.497078464;0.451168614;0.327351141;0.466471898;0.344462994;1;0.348358375;0.279910963;0.364496383;0.265164162;1;0.636477462;0.364774624;0.554117974;1;0.263077351;0.46327212;1;0.412353923;1;2.16437;2.52469;1.67412;-0.72268
0;S25;Contrast left;1;0.069282137;0.069421258;0.066917084;0.060239288;0.049944352;0.079159711;0.067890929;1;0.509321091;0.21688926;0.47064552;0.22064552;0.488870339;0.382999444;1;0.33263773;0.25375626;0.136199221;0.541736227;0.230662215;1;0.153311074;0.103923205;0.283388982;0.135642738;1;0.451168614;0.270728993;0.512659989;1;0.140372844;0.338480801;1;0.289092933;1;-15.0304;-8.85028;-5.36411;-6.03539
0;S26;Contrast left;1;0.064969393;0.070116861;0.069560378;0.066917084;0.064691152;0.068308292;0.074012243;1;0.46508069;0.323734001;0.366304953;0.212437396;0.392181413;0.379660545;1;0.526989427;0.324707846;0.197829716;0.552309405;0.38425153;1;0.23344463;0.150946021;0.409571508;0.24638286;1;0.347941013;0.305926544;0.454785754;1;0.18196995;0.30523094;1;0.382025598;1;-7.98212;-7.75126;-4.24482;-3.46787
0;S27;Contrast left;1;0.076099054;0.081524763;0.078464107;0.081524763;0.087924318;0.072481914;0.069560378;1;0.515581525;0.350166945;0.407345576;0.292431831;0.304535337;0.32540345;1;0.468141347;0.378130217;0.272815804;0.339454647;0.274902615;1;0.267807457;0.201864218;0.317195326;0.212993879;1;0.407762938;0.222175849;0.37312187;1;0.169866444;0.296048971;1;0.249582638;1;-9.71373;-8.05594;-7.43512;-7.50191
0;S28;Contrast left;1;0.110461881;0.102810239;0.112687813;0.0991931;0.08639399;0.118391764;0.089315526;1;0.381190874;0.418196995;0.390094602;0.268085698;0.447690595;0.324012243;1;0.44309961;0.354340568;0.250417362;0.417918753;0.284641068;1;0.348775737;0.245269894;0.485392321;0.265025042;1;0.451585977;0.39524207;0.500556483;1;0.262103506;0.391346689;1;0.36755704;1;-3.47715;-4.77212;-3.29574;-2.88068
0;S29;Contrast left;1;0.083611575;0.085002782;0.078046745;0.08263773;0.079716194;0.114357262;0.104618809;1;0.524067891;0.351558152;0.546327212;0.357262104;0.392181413;0.474958264;1;0.422927101;0.408597663;0.293266555;0.424318308;0.390372844;1;0.287006121;0.239426822;0.328324986;0.263355593;1;0.466332777;0.331385643;0.527128548;1;0.250834725;0.40261547;1;0.464941569;1;-1.81516;-1.85675;-0.242225;-3.48494
0;S30;Contrast left;1;0.052309405;0.053978854;0.055648303;0.050918197;0.053978854;0.070116861;0.063856427;1;0.688369505;0.393155259;0.505147468;0.335002782;0.420701169;0.394685587;1;0.553978854;0.37493044;0.267668336;0.451168614;0.309265442;1;0.229271007;0.196299388;0.402754591;0.222871452;1;0.470784641;0.24457429;0.40623261;1;0.218002226;0.5;1;0.367974402;1;-4.04326;-2.24193;-2.84579;-2.55483
0;S31;Contrast left;1;0.054813578;0.060517529;0.052726767;0.061352254;0.061074012;0.066082359;0.08096828;1;0.518224819;0.38411241;0.411380078;0.306204786;0.38786867;0.326099054;1;0.479966611;0.386477462;0.291597106;0.394407346;0.294379521;1;0.305926544;0.251112966;0.310378408;0.21508069;1;0.396494157;0.308708959;0.358792432;1;0.269198664;0.317195326;1;0.331524763;1;-5.81354;-5.44688;-5.749;-5.45302
0;S32;Contrast left;1;0.069003895;0.065247635;0.063578186;0.05690039;0.058569839;0.073316639;0.073873122;1;0.637451308;0.427796327;0.595158598;0.367974402;0.564134669;0.4926266;1;0.544518642;0.494852532;0.311769616;0.607262104;0.410267112;1;0.359905398;0.26279911;0.478992766;0.296605454;1;0.452420701;0.443377852;0.486922649;1;0.287840846;0.369226489;1;0.504034502;1;4.72895;2.88496;2.45139;2.72841
0;S33;Contrast left;1;0.062882582;0.065525876;0.066082359;0.060795771;0.065804118;0.067751809;0.063578186;1;0.591402337;0.395102949;0.473845298;0.273789649;0.496800223;0.427657206;1;0.593489149;0.336811352;0.218280467;0.573873122;0.322899277;1;0.228714524;0.179744018;0.44309961;0.212437396;1;0.374234836;0.304257095;0.511964385;1;0.18558709;0.364635504;1;0.359209794;1;-5.39714;-4.02129;-2.35949;-0.773441
0;S34;Contrast left;1;0.07721202;0.075264329;0.075264329;0.07359488;0.074707846;0.100862549;0.117835281;1;0.546188091;0.352671119;0.443795214;0.208263773;0.422231497;0.346271564;1;0.585698386;0.312743461;0.162214802;0.487896494;0.265581525;1;0.225375626;0.127573734;0.426961603;0.19296049;1;0.450473011;0.282415136;0.46327212;1;0.15066778;0.280328325;1;0.319560378;1;-9.6956;-7.255;-5.78634;-3.45131
0;S35;Contrast left;1;0.065943239;0.07164719;0.067334446;0.075542571;0.072203673;0.084028937;0.098497496;1;0.521563717;0.396772398;0.521424597;0.258625487;0.423622705;0.249860879;1;0.502643294;0.398024485;0.204229271;0.432943795;0.222175849;1;0.302587646;0.17835281;0.373956594;0.175848637;1;0.382025598;0.338619922;0.296605454;1;0.218976071;0.263912076;1;0.327490262;1;-8.17882;-6.48838;-7.6954;-4.8629
0;S36;Contrast left;1;0.059265442;0.061213133;0.062604341;0.054952699;0.063856427;0.061630495;0.064830273;1;0.536171397;0.343489149;0.505843072;0.270033389;0.433500278;0.364496383;1;0.497774068;0.339593767;0.208959377;0.456316082;0.277267668;1;0.235531441;0.164301614;0.379938787;0.196299388;1;0.431413467;0.311908737;0.417501391;1;0.197968837;0.31246522;1;0.359905398;1;-7.92386;-5.75883;-4.93229;-4.1107
0;S37;Contrast left;1;0.069977741;0.076377295;0.083194213;0.075542571;0.067612688;0.085559265;0.088480801;1;0.462437396;0.239148581;0.502782415;0.198247078;0.416944908;0.439482471;1;0.493878687;0.32902059;0.179465776;0.699360045;0.318864775;1;0.186700056;0.139538119;0.486505287;0.18558709;1;0.36574847;0.311769616;0.603366722;1;0.175153033;0.328881469;1;0.346410684;1;-9.45374;-6.90934;-1.86855;-1.39564
