;Test;Delta Oz;Theta Oz;Alpha Oz;Beta Oz;Delta O1;Theta O1;Alpha O1;Beta O1;Delta PO7;Theta PO7;Alpha PO7;Beta PO7;Delta O2;Theta O2;Alpha O2;Beta O2;Delta PO8;Theta PO8;Alpha PO8;Beta PO8;Delta PO3;Theta PO3;Alpha PO3;Beta PO3;Delta PO4;Theta PO4;Alpha PO4;Beta PO4;Delta_1;Theta_1;Alpha_1;Beta_1;Delta_2;Theta_2;Beta_2
S1;Resting Open;0.039375551;0.028000717;0.028604762;0.028824706;0.03776664;0.028919547;0.032492722;0.027337684;0.041322865;0.028018715;0.025488729;0.025310324;0.036746881;0.031142254;0.030955445;0.029995325;0.039857243;0.028366428;0.029102216;0.026855129;0.0304824;0.023267811;0.023801654;0.022620638;0.034297537;0.024519685;0.024642021;0.025081387;2.98069;-0.8881;-2.82981;0.280399;2.10869;-0.865457;0.142877
S2;Resting Open;0.027672999;0.039141373;0.027051955;0.033638185;0.027466932;0.039361319;0.027174956;0.033743154;0.026486218;0.039365905;0.028669759;0.040343672;0.024496597;0.03955169;0.024759621;0.028916841;0.024288737;0.040457474;0.02502167;0.029390039;0.025007056;0.038689385;0.024776995;0.028708381;0.024850066;0.038589684;0.02286097;0.024431926;-0.569025;3.55798;-3.30709;2.22082;-0.352793;2.55953;1.93362
S3;Resting Open;0.042006803;0.02898567;0.020671536;0.034795741;0.037396195;0.027548765;0.021042314;0.037656538;0.041183965;0.027819765;0.019071472;0.036336918;0.039128835;0.02689324;0.022203445;0.035391457;0.041168392;0.032060661;0.024038124;0.044392791;0.038157267;0.025415146;0.018422953;0.030336552;0.034651801;0.023598399;0.020003014;0.031124212;3.67446;-0.896207;-4.4317;4.04879;2.64502;-0.864735;2.77049
S5;Resting Open;0.021182508;0.02160515;0.052780642;0.025549062;0.020916023;0.019907673;0.068427246;0.030473581;0.020304558;0.019146794;0.07767702;0.030143431;0.021562794;0.022616559;0.047118661;0.024597888;0.020965792;0.019916449;0.046065917;0.025363719;0.017407837;0.017954432;0.05818348;0.024046312;0.019372184;0.018911041;0.040893031;0.021150946;-2.26152;-3.86509;3.40615;0.0669495;-1.73973;-2.77774;0.0812162
S7;Resting Open;0.026663581;0.053264925;0.020858661;0.025023305;0.028151045;0.054239567;0.023191238;0.029029422;0.028003324;0.05328809;0.023983855;0.030640372;0.025185905;0.051515584;0.020328555;0.0241442;0.027918236;0.050323118;0.01983655;0.0237695;0.024077549;0.047539524;0.020006474;0.023025399;0.025598939;0.048110195;0.017839363;0.020084207;-0.349484;8.25597;-4.3938;-0.272702;-0.274581;5.77133;-0.147039
S10;Resting Open;0.027874785;0.048430407;0.021319757;0.020665008;0.025593235;0.046578498;0.020847522;0.020342191;0.02469374;0.046425067;0.02131472;0.021161188;0.026960723;0.049677964;0.024417714;0.023178863;0.025252023;0.052052166;0.026688591;0.026246403;0.024778749;0.043789359;0.019856026;0.01887278;0.025477526;0.046251367;0.023621153;0.019082008;-0.550418;6.78936;-4.0532;-1.81089;-0.374435;4.63981;-1.56016
S11;Resting Open;0.002811312;0.002276614;0.000979782;0.001293017;0.04929491;0.039162099;0.016141208;0.018867594;0.06112624;0.048589117;0.020090142;0.02365111;0.028006647;0.022312666;0.009245251;0.01097669;0.114589013;0.091842134;0.039146657;0.049498691;0.038707854;0.030841813;0.012752743;0.015036335;0.018977458;0.01545496;0.006872816;0.009625314;5.95707;2.84341;-5.80968;-2.82777;1.74901;-0.420669;-3.33637
S13;Resting Open;0.030459839;0.036119251;0.019219074;0.042448227;0.032162363;0.038530936;0.017890557;0.043666994;0.032844915;0.0389069;0.018988878;0.048162727;0.027531004;0.03513015;0.021651784;0.043044577;0.02609233;0.033292348;0.022717381;0.040993198;0.024789177;0.031278701;0.015562529;0.032640989;0.02608704;0.032488976;0.019406681;0.035573474;0.354395;1.98192;-4.75239;6.02474;0.264888;1.4137;4.58124
S14;Resting Open;0.033478598;0.024685112;0.037215539;0.019114037;0.032379024;0.024734613;0.038481132;0.021983681;0.036989078;0.025514186;0.044514159;0.039281828;0.035182056;0.026704156;0.038963519;0.023381829;0.031305899;0.026607139;0.043891324;0.024249479;0.038376826;0.040943157;0.044035091;0.022891155;0.030639357;0.024950206;0.040774129;0.019305213;2.08911;-0.666887;0.028448;-0.919733;1.65508;-0.332186;-0.234627
S15;Resting Open;0.009291049;0.016940681;0.07810659;0.027741977;0.008502656;0.019093942;0.097198577;0.033447222;0.009649209;0.018968354;0.088573588;0.03210389;0.008658815;0.016489657;0.067750276;0.025867069;0.008590833;0.017104561;0.069615115;0.025604075;0.008634223;0.018130042;0.06379944;0.022427807;0.007835117;0.015112365;0.052882851;0.019636519;-5.87934;-4.83581;7.50179;0.522511;-4.31739;-3.40945;0.170862
S16;Resting Open;0.037454051;0.033088186;0.018322643;0.024883682;0.038157791;0.032233137;0.019772006;0.028603846;0.03869799;0.032423234;0.017912621;0.02723344;0.038634558;0.034279176;0.017257354;0.02393521;0.04063454;0.034426702;0.015959125;0.026754804;0.05857732;0.029138274;0.015395141;0.019312684;0.039364982;0.031201141;0.016315845;0.018467281;4.42475;0.895739;-5.18934;-0.520361;3.54663;0.559839;-0.7525
S18;Resting Open;0.03251879;0.030917197;0.029994949;0.028012095;0.030746168;0.03050386;0.032653801;0.02773411;0.030255787;0.03403609;0.040162586;0.02891862;0.033188061;0.02982572;0.028862464;0.029982549;0.035291693;0.02928559;0.032674795;0.032302421;0.02563806;0.027600775;0.03799034;0.027057202;0.028797755;0.026145139;0.035788439;0.031828014;1.1115;-0.0664315;-1.55293;1.08747;0.589262;-0.0319158;1.22421
S19;Resting Open;0.019966287;0.028942374;0.044269597;0.023605113;0.019580107;0.029943417;0.048883174;0.025121986;0.019538974;0.035109308;0.054334103;0.033587706;0.019797546;0.030024018;0.041628013;0.021975437;0.023483648;0.035677026;0.051849701;0.026140933;0.018937901;0.031124473;0.060394347;0.02719597;0.022307459;0.033839212;0.040563741;0.022782471;-2.32916;0.514864;1.76084;-0.255697;-1.64876;0.662437;0.38286
S21;Resting Open;0.039981255;0.041351255;0.016031589;0.018951357;0.042340192;0.043391775;0.017004604;0.021553367;0.037740532;0.041281464;0.017936629;0.022379748;0.040789169;0.040116036;0.016503347;0.018273627;0.037979326;0.043395516;0.01578953;0.017896582;0.033255003;0.034661014;0.013913705;0.015790861;0.032757187;0.035757512;0.013958421;0.014983558;3.4717;3.9792;-5.5018;-2.93196;2.19744;2.48939;-2.28781
S23;Resting Open;0.037146923;0.031919928;0.016126004;0.028572882;0.01062075;0.009118231;0.004643341;0.008232838;0.081843029;0.070085798;0.0351656;0.061892718;0.008767022;0.007536325;0.003808568;0.006696458;0.013523767;0.011584054;0.005839602;0.010212859;0.040254139;0.034389262;0.017217024;0.030149388;0.132279575;0.113257045;0.056915161;0.100579105;0.664045;-1.74438;-4.86777;-1.68018;7.7656;6.67823;6.73273
S24;Resting Open;0.021425245;0.037578416;0.039560039;0.017074928;0.025594135;0.039194384;0.033022353;0.02148831;0.024184938;0.038106052;0.030239822;0.023260367;0.021278352;0.039486749;0.050528943;0.018486602;0.023468437;0.04050951;0.049830376;0.021338318;0.0230818;0.036757581;0.035677324;0.018228867;0.020025062;0.037765182;0.078644862;0.021878559;-1.42702;3.25617;0.779647;-2.60022;-1.15589;2.25122;-1.62101
S1;Resting;0.007121083;0.014439936;0.08743674;0.031474047;0.007070116;0.014782106;0.091427944;0.03301786;0.005638683;0.013527592;0.075347537;0.032271288;0.008399954;0.014588258;0.085799862;0.031495657;0.0071002;0.013255639;0.07441522;0.030415261;0.00526455;0.010741446;0.081676913;0.026892506;0.006288043;0.011642065;0.085325322;0.028823652;-6.47751;-6.45768;9.39288;1.83077;-4.86174;-4.63927;1.52588
S2;Resting;0.010806638;0.02583712;0.068988509;0.021714245;0.010771524;0.025900471;0.069505179;0.021915892;0.009924424;0.02763586;0.079541312;0.027813538;0.010096237;0.024230606;0.072817702;0.01687808;0.009971478;0.023798524;0.083872756;0.016477497;0.010342169;0.024079758;0.073887345;0.019327818;0.011827947;0.022316702;0.076956478;0.015385235;-5.38971;-1.99661;7.49722;-2.44032;-3.87421;-1.3423;-1.52576
S3;Resting;0.015262071;0.016681236;0.034593067;0.050883401;0.018358923;0.019587171;0.036547835;0.058894049;0.018410833;0.017365481;0.041214861;0.062006981;0.015415796;0.018623277;0.036382134;0.053581231;0.018375503;0.020973533;0.050887213;0.065487448;0.017590264;0.019693105;0.038641854;0.051355996;0.012935776;0.017323512;0.038573694;0.052872936;-3.30304;-4.36994;-0.34353;12.0731;-2.58891;-3.1929;9.51892
S5;Resting;0.007526;0.010376674;0.065798095;0.045331007;0.006639572;0.011796371;0.078313407;0.05765797;0.008426817;0.011467909;0.082190801;0.06332936;0.007789546;0.009209836;0.061603544;0.039508737;0.007705987;0.009083688;0.063395546;0.042042404;0.006874643;0.010138759;0.060543915;0.040706309;0.007488846;0.00995662;0.059001727;0.033627159;-6.31002;-7.70501;5.89443;8.25206;-4.60589;-5.30617;6.50392
S7;Resting;0.021631958;0.028018275;0.03841667;0.022155952;0.017651658;0.029685408;0.040016309;0.023536836;0.018525637;0.029806465;0.044751222;0.024531252;0.021845666;0.035731782;0.046162057;0.023916554;0.019446456;0.033335832;0.057023813;0.028721709;0.049367231;0.038666333;0.034994656;0.019456925;0.038964194;0.033091573;0.037248068;0.021496857;-0.836078;1.03963;0.386886;-1.0569;0.614317;0.812531;-0.9474
S10;Resting;0.005549823;0.012721171;0.08927234;0.012760997;0.005553831;0.011426415;0.093071226;0.012232643;0.005603374;0.011231464;0.099069063;0.012548597;0.005547611;0.01336491;0.102118663;0.013942746;0.005719847;0.014565158;0.127551561;0.015864259;0.005551476;0.011289234;0.0919942;0.011101346;0.005733815;0.0128981;0.099646177;0.011914599;-6.88087;-6.87555;13.049;-5.25451;-5.04778;-4.82907;-4.13674
S11;Resting;0.006330313;0.007662774;0.08675947;0.010578864;0.006459375;0.008060679;0.100028029;0.010762254;0.005843722;0.008324718;0.109984335;0.011396888;0.006151853;0.007490167;0.094779232;0.010886475;0.005897108;0.008100092;0.116393528;0.012883236;0.005448804;0.008125243;0.1476366;0.011246316;0.005642022;0.00727482;0.125963605;0.011520542;-6.73778;-8.625;15.3518;-5.98216;-4.982;-6.01747;-4.46228
S13;Resting;0.026891663;0.029126025;0.024340954;0.05017243;0.026602498;0.027196294;0.024619452;0.050435692;0.027297814;0.027050785;0.025723635;0.055336291;0.025655207;0.028693453;0.025280203;0.05647977;0.026172339;0.026965938;0.023392709;0.055121543;0.026571927;0.023732481;0.019988984;0.040444696;0.0260972;0.025795052;0.021377183;0.046765569;-0.385547;-1.219;-3.79998;9.86647;-0.188262;-0.872054;7.41811
S14;Resting;0.014397188;0.016674321;0.068808211;0.016973634;0.01613691;0.016230966;0.076058145;0.0191452;0.017307829;0.019756632;0.093542342;0.036320974;0.014588955;0.017936798;0.072158824;0.016456529;0.014351976;0.02062506;0.079924461;0.017698967;0.013393075;0.015815868;0.07884264;0.019869762;0.013620614;0.016339868;0.085581483;0.017603747;-3.97056;-4.87676;8.38256;-2.55415;-2.9304;-3.42958;-1.17152
S15;Resting;0.004492372;0.010219933;0.095711089;0.015886045;0.00505393;0.011667085;0.118819854;0.01787766;0.004952979;0.011686202;0.119202792;0.016896916;0.004275102;0.010826508;0.090435342;0.015168592;0.004646623;0.012558586;0.097947492;0.015851167;0.004382019;0.010203681;0.095385284;0.013531659;0.003563339;0.009744745;0.077391355;0.012871544;-7.18667;-7.38637;13.0301;-4.1729;-5.33057;-5.24448;-3.27644
S16;Resting;0.018132716;0.022059064;0.07140498;0.022981415;0.018648165;0.021418712;0.071081366;0.025044447;0.017801854;0.022172886;0.061741799;0.022935389;0.016260783;0.020742377;0.070247886;0.021596033;0.015280317;0.020568273;0.067373182;0.022188975;0.013520736;0.016254191;0.075978183;0.01792901;0.012837233;0.016985389;0.08934799;0.019101747;-3.46867;-3.83081;6.89947;-1.66616;-2.69544;-2.80651;-1.37327
S18;Resting;0.018743627;0.03327062;0.035703177;0.032399878;0.015141944;0.03644078;0.038279791;0.036290258;0.01556389;0.041803872;0.048786004;0.040905677;0.022475719;0.036690279;0.03442728;0.034410716;0.017864798;0.033434789;0.040657127;0.037900037;0.0150235;0.03527331;0.040231548;0.032774819;0.017206082;0.031524219;0.036792684;0.033412146;-3.13045;2.1904;-0.369646;3.61872;-2.38396;1.61308;3.12079
S19;Resting;0.012560379;0.028016371;0.064792631;0.015759287;0.01405708;0.030999572;0.067428135;0.017304209;0.015462651;0.03362063;0.065747965;0.022877147;0.01164485;0.02687243;0.062844657;0.015098253;0.017990217;0.035225066;0.081904594;0.020289809;0.013075147;0.03435789;0.085457781;0.020660612;0.010291151;0.02755393;0.069090649;0.014982833;-4.3049;0.40776;6.59838;-3.20333;-3.34519;0.277542;-2.13377
S21;Resting;0.021643268;0.036961362;0.028339;0.02929007;0.021345501;0.044838794;0.028931028;0.03222966;0.02134602;0.044451181;0.03531313;0.037532353;0.023075397;0.03537693;0.034141181;0.032273828;0.023787837;0.037548532;0.032360473;0.029732584;0.018125362;0.034255373;0.023136259;0.022693951;0.018928604;0.02965891;0.023950734;0.023594594;-1.91632;3.20815;-2.48374;1.53194;-1.59815;1.94188;0.972329
S23;Resting;0.011276084;0.010652038;0.092593249;0.01426347;0.011137001;0.010340885;0.093732227;0.01355194;0.010530895;0.010764072;0.100329458;0.013033326;0.011780861;0.010867333;0.101482471;0.016960395;0.011231385;0.010145445;0.110249699;0.014372796;0.009780741;0.009702789;0.086980801;0.009769245;0.010058854;0.010434363;0.107569581;0.010931861;-5.1978;-7.67139;12.7592;-5.00488;-3.88804;-5.31203;-4.14838
S24;Resting;0.008399111;0.007447936;0.084911482;0.006367291;0.008404777;0.007926498;0.078180917;0.006918917;0.008883473;0.008693306;0.111783888;0.008874833;0.00772029;0.007958444;0.122312652;0.00704859;0.007094702;0.008819438;0.142116514;0.008631026;0.008007909;0.007367922;0.077641373;0.00692914;0.007050458;0.007702342;0.173091256;0.008332355;-6.11889;-8.60602;15.3689;-7.54327;-4.49131;-6.00862;-5.6447
S1;Image right;0.045661663;0.044326734;0.019122899;0.020913054;0.042235404;0.040920402;0.018440622;0.019571867;0.039360009;0.036793906;0.015650468;0.018059029;0.046967639;0.045211941;0.019982233;0.022701943;0.046227925;0.044860476;0.018841497;0.023218083;0.03129657;0.030519316;0.014105172;0.01599877;0.035863009;0.033226343;0.015891557;0.0172777;4.47855;3.92456;-5.14826;-2.41416;2.76933;2.0561;-2.16385
S2;Image right;0.053779627;0.036652756;0.017163674;0.023590744;0.054158762;0.036614707;0.017278641;0.024022679;0.052782995;0.035877522;0.018120235;0.029229795;0.052677208;0.0365979;0.015730682;0.019933342;0.052299789;0.034566894;0.016028514;0.019874574;0.04583524;0.033486542;0.015571977;0.019407397;0.042959458;0.031575753;0.014173351;0.01499612;7.50528;2.07476;-5.40741;-1.63644;5.13546;1.33961;-1.21116
S3;Image right;0.052870819;0.034886192;0.012365209;0.02649239;0.0531265;0.035302729;0.013101369;0.028653927;0.049718346;0.03377664;0.012812049;0.030050077;0.048948186;0.033171051;0.011866755;0.024477728;0.047325341;0.032330892;0.011366932;0.024248956;0.041465512;0.028349822;0.010274701;0.020816332;0.038625288;0.027314832;0.010117929;0.019223833;6.57788;1.00195;-6.42469;-0.312464;4.39629;0.45556;-0.349374
S5;Image right;0.044262353;0.03513068;0.029125965;0.015102072;0.048247718;0.037127516;0.032340012;0.016078329;0.045136317;0.035214848;0.035301023;0.016507997;0.044121412;0.0358326;0.027913966;0.015302948;0.044824559;0.033956834;0.026175234;0.015430155;0.039301384;0.027955933;0.030510476;0.013304613;0.040879491;0.029129171;0.024526289;0.014205701;5.18905;1.49291;-2.49228;-4.41014;3.63304;0.754105;-3.32432
S7;Image right;0.05057521;0.052791929;0.014505794;0.013255959;0.049626967;0.053886543;0.014948493;0.013998886;0.049160745;0.053835185;0.015125657;0.014465347;0.0509285;0.05140136;0.014219764;0.012877365;0.046792916;0.049811426;0.014453894;0.01296928;0.037979777;0.042803744;0.012418676;0.011180355;0.038056984;0.041977868;0.012490871;0.010394567;6.14803;7.80913;-5.91457;-5.28031;4.05851;5.11894;-4.10561
S10;Image right;0.042209089;0.044483215;0.015632041;0.016603248;0.041000838;0.042720199;0.014432933;0.015682585;0.040164009;0.042152112;0.013604018;0.015523011;0.043165966;0.046475547;0.015838152;0.019395569;0.047990304;0.048400538;0.016614814;0.024210051;0.04039575;0.040280625;0.013859397;0.014521872;0.037509185;0.040687936;0.014241468;0.015481711;4.57885;5.34822;-5.72935;-3.39849;3.07732;3.48478;-2.93017
S11;Image right;0.048752873;0.038414784;0.01510766;0.020673597;0.052213926;0.040027911;0.019326064;0.030581185;0.05138757;0.038330325;0.016660818;0.027536435;0.049821156;0.039257903;0.015613874;0.024046712;0.04964197;0.037277337;0.014618101;0.025817395;0.045729518;0.032754134;0.012116816;0.014944844;0.044210724;0.033710408;0.012183775;0.015068304;6.79672;2.85749;-5.66617;-1.0282;4.80345;1.80829;-1.53127
S13;Image right;0.040248552;0.03444583;0.015292124;0.033855304;0.036313638;0.033368877;0.016141361;0.035902319;0.037058969;0.033733582;0.018638321;0.046660628;0.038095258;0.032351462;0.014671739;0.030704584;0.036302447;0.031174582;0.01394664;0.046461936;0.029905579;0.025499827;0.011168701;0.024398374;0.033289192;0.027757441;0.012156744;0.025802081;2.66315;0.498305;-5.78295;3.65289;1.85395;0.226846;2.33892
S14;Image right;0.027066026;0.023466497;0.038035176;0.036793382;0.026408736;0.023598313;0.050227503;0.052801429;0.028433912;0.025759029;0.04520512;0.053083398;0.030363537;0.025751285;0.043971471;0.04508331;0.029672766;0.025622594;0.045667834;0.0525134;0.022999933;0.020571806;0.025906011;0.022752943;0.022799221;0.020583637;0.024119368;0.021458985;-0.0915391;-2.42863;-0.305561;6.70421;-0.332693;-1.86092;3.18742
S15;Image right;0.03258437;0.049169195;0.018585219;0.02180814;0.035661572;0.052856537;0.020530316;0.025139164;0.036984686;0.053160234;0.022023121;0.032886198;0.031086105;0.047192728;0.018338794;0.021676863;0.027719249;0.043020174;0.019100942;0.021517385;0.024108088;0.036829141;0.018213539;0.017543706;0.022686087;0.034081969;0.01811514;0.01734799;1.06604;6.30377;-4.76412;-1.41528;0.491444;3.90931;-1.03017
S16;Image right;0.046965798;0.040075168;0.011399836;0.020984532;0.04860062;0.040380853;0.011566375;0.023643805;0.061275484;0.042517346;0.013708896;0.029475667;0.050990605;0.041428245;0.011670849;0.021977953;0.051266606;0.041082557;0.012530331;0.032165886;0.031779639;0.028881703;0.008983502;0.016916536;0.039480943;0.032298851;0.010056746;0.017646626;6.24691;3.25819;-6.49699;-1.0251;4.23663;1.90646;-1.18811
S18;Image right;0.027565823;0.034523203;0.025015814;0.038482469;0.027648603;0.035783939;0.027138139;0.043883741;0.025856973;0.036482879;0.029607797;0.052797414;0.025949773;0.033715382;0.024359349;0.04172731;0.025101823;0.034189006;0.024462365;0.040469177;0.023599371;0.030923758;0.024496385;0.028007585;0.020976005;0.028012403;0.020335265;0.024466173;-0.549687;1.47226;-3.45879;5.45525;-0.601685;0.822968;3.4655
S19;Image right;0.028210961;0.039339965;0.028610582;0.021315741;0.029534649;0.04073516;0.0304667;0.023847032;0.028647405;0.040803413;0.033291536;0.035678729;0.027872397;0.037881257;0.028641506;0.020686498;0.030658319;0.038747975;0.033827937;0.024032327;0.022125848;0.037425093;0.033214143;0.023381678;0.020239167;0.029682469;0.026244493;0.01905998;-0.000759805;3.36306;-2.26011;-0.938787;-0.433485;2.00563;-0.287647
S21;Image right;0.040199803;0.04249377;0.0188859;0.020512264;0.042626577;0.045341421;0.019838381;0.023165845;0.042965562;0.043718893;0.019784214;0.02600122;0.038471779;0.042690551;0.017747247;0.019070241;0.036383128;0.039659234;0.016072338;0.02245715;0.029086038;0.033499095;0.013978709;0.015496143;0.029557246;0.033621652;0.01340615;0.015631425;3.2345;4.173;-5.20681;-2.20235;2.01624;2.5532;-1.86241
S23;Image right;0.049829918;0.033049388;0.01916999;0.026220719;0.049253448;0.032720657;0.018607631;0.024617037;0.047575834;0.031579644;0.018678075;0.025292019;0.050524486;0.033088311;0.020934155;0.033820721;0.046941961;0.031162717;0.02070306;0.042138327;0.042250848;0.028271241;0.015940365;0.015974772;0.044790722;0.029947845;0.018635418;0.020273289;6.271;0.543552;-4.83186;0.726602;4.48288;0.337259;-0.69787
S24;Image right;0.028593506;0.035725318;0.019600143;0.042401586;0.027615943;0.03632232;0.020788637;0.045772;0.028359153;0.036543664;0.017854254;0.040366841;0.030358415;0.038558237;0.029167597;0.075554754;0.031025925;0.038092779;0.024496104;0.06319292;0.022983849;0.02769095;0.012920252;0.019899481;0.026633352;0.032202358;0.017176626;0.02759468;0.139078;1.96998;-4.51135;8.79611;-0.0471461;1.11396;3.36986
2S1;Resting Open;0.019572718;0.02259626;0.015029844;0.038346311;0.021710677;0.02401542;0.015834651;0.043255094;0.024777;0.022476813;0.015513963;0.047974139;0.019062486;0.01873156;0.014929812;0.041725606;0.020000897;0.016331431;0.015716479;0.052161674;0.028357367;0.032484527;0.018658288;0.051012134;0.027796415;0.029842598;0.019741887;0.054154546;2.26447;1.46723;-5.59543;5.10737;;;
2S3;Resting Open;0.016261565;0.03968091;0.025426589;0.022924665;0.015643973;0.040798405;0.028584242;0.021728668;0.014027833;0.045198106;0.034912186;0.02212278;0.015114246;0.033928588;0.023813663;0.019670804;0.008970794;0.024964876;0.019252819;0.015168513;0.021728453;0.058645386;0.048921461;0.030996405;0.015078254;0.037229167;0.039597608;0.025505959;-2.15899;13.3945;-2.44202;-4.68437;;;
2S4;Resting Open;0.050538148;0.04387738;0.024410873;0.022009018;0.047118123;0.040204132;0.030347824;0.024019146;0.051890985;0.046322493;0.037856357;0.032198815;0.020675912;0.019046332;0.024285282;0.018214695;0.016731099;0.013869637;0.021738268;0.017686692;0.044402373;0.035489013;0.032398449;0.025371613;0.028351405;0.020614388;0.031794378;0.023502174;9.83371;6.6217;-2.87922;-4.51376;;;
2S5;Resting Open;0.014422568;0.017188746;0.032576136;0.023591448;0.016359863;0.018792821;0.043997767;0.026000345;0.019390082;0.019931725;0.072438104;0.033732714;0.014800084;0.016776299;0.054319675;0.027404351;0.014551804;0.014682114;0.089808252;0.028752084;0.023576878;0.022598818;0.026884476;0.023924841;0.018617914;0.018065024;0.034948576;0.022117843;-0.975404;-2.57364;1.86262;-3.41508;;;
2S6;Resting Open;0.010218472;0.022478012;0.031296361;0.038283584;0.010508049;0.021569327;0.036703965;0.04027116;0.010884776;0.021205784;0.046491504;0.046600149;0.024276406;0.034979142;0.03802692;0.05922471;0.010653172;0.017708262;0.045925425;0.043052939;0.010780806;0.022538972;0.042314672;0.041596607;0.011178303;0.02188872;0.050765362;0.04208634;-3.34684;1.53709;-0.171078;3.86515;;;
2S7;Resting Open;0.036221442;0.024156171;0.019443639;0.02868943;0.028324914;0.02640778;0.021960513;0.03396341;0.037344951;0.026029481;0.023846608;0.038617271;0.043269814;0.022830999;0.016586124;0.024295382;0.032377138;0.017876597;0.012292658;0.018918265;0.056395677;0.034154551;0.021661352;0.029171954;0.042441477;0.02761276;0.017796177;0.023154547;11.4879;2.84139;-4.9578;-2.52853;;;
2S8;Resting Open;0.015073984;0.029521155;0.033509154;0.033198812;0.017245567;0.030352778;0.036776199;0.036099118;0.017372552;0.030020705;0.037060157;0.037167365;0.012653329;0.026333345;0.029649726;0.031814724;0.011742774;0.024390469;0.02664584;0.033951464;0.021555256;0.039108272;0.04447123;0.036787612;0.017662904;0.038861291;0.033459946;0.031536158;-1.65145;7.29932;-1.54584;-0.0448805;;;
2S9;Resting Open;0.013544722;0.015839695;0.031215615;0.045268263;0.012397529;0.01608967;0.034236373;0.052248057;0.013030271;0.016826215;0.030783648;0.052728472;0.014215161;0.01735127;0.043415307;0.045093437;0.009193004;0.012204863;0.026097509;0.036628503;0.015334667;0.021992558;0.044128922;0.059397806;0.013749545;0.019094315;0.052544616;0.047873432;-3.30783;-3.52624;-0.905389;5.94063;;;
2S10;Resting Open;0.004764411;0.008070747;0.0819907;0.01000202;0.005161523;0.008369977;0.092145221;0.011625084;0.004991264;0.008595427;0.084510666;0.010780328;0.004701669;0.008452676;0.094577605;0.010836483;0.005021386;0.010213419;0.090092608;0.012456748;0.007360845;0.013675796;0.11108972;0.012820084;0.006390823;0.012896137;0.148895004;0.014632284;-7.61693;-8.76435;12.8404;-9.24081;;;
2S11;Resting Open;0.031037664;0.021963379;0.009985337;0.023493716;0.031825908;0.02380577;0.012101425;0.029384731;0.033163255;0.025564598;0.013265228;0.033605972;0.027544667;0.020538294;0.010103149;0.021357642;0.031079578;0.021285317;0.011834217;0.02924677;0.041211451;0.034153105;0.016482014;0.031631447;0.037339241;0.028687061;0.01569029;0.02913977;8.05606;2.60832;-6.47962;-2.51968;;;
2S12;Resting Open;0.017282018;0.019439632;0.027637907;0.031915685;0.018297573;0.021175424;0.031773328;0.033919017;0.015521301;0.019301599;0.032614075;0.038189267;0.017210684;0.01958111;0.031919775;0.035808093;0.018386154;0.019803075;0.027023308;0.055268959;0.023537212;0.024059487;0.032669902;0.026991843;0.022048538;0.024077945;0.028672697;0.028576887;-0.0108907;-0.230732;-2.43645;0.150395;;;
2S13;Resting Open;0.028271141;0.026132118;0.028182309;0.031646598;0.032149265;0.030446587;0.036630845;0.040288416;0.032193945;0.032934804;0.034904741;0.040716962;0.024739215;0.023226324;0.028013867;0.033281433;0.02135303;0.020270649;0.040493211;0.046411998;0.033051522;0.030436862;0.03502497;0.037448109;0.02963954;0.025346413;0.029964674;0.032403324;5.48991;3.9781;-1.86949;1.06933;;;
2S1;Resting;0.0095048;0.013388345;0.023730115;0.052762467;0.010618192;0.014375138;0.028734727;0.058661413;0.012375611;0.017174891;0.028170596;0.065208764;0.008709237;0.012615887;0.023903141;0.054926087;0.007770837;0.014546873;0.02646135;0.069053086;0.013880204;0.018647268;0.034106151;0.072577332;0.013125448;0.017654987;0.030958361;0.075909372;-4.6173;-4.63074;-3.07898;12.2421;;;
2S3;Resting;0.007764093;0.012516312;0.062456801;0.020256504;0.007107789;0.013438782;0.080843657;0.019115293;0.00682464;0.015206905;0.106298154;0.019475413;0.006194634;0.010245765;0.05496638;0.017310072;0.004973527;0.008263834;0.05034668;0.014521704;0.009329592;0.017740179;0.125151647;0.029049942;0.008055437;0.012714694;0.079635916;0.026803619;-6.66849;-6.85621;8.00885;-5.35057;;;
2S4;Resting;0.023255999;0.020054514;0.045923214;0.015566957;0.025120391;0.021801345;0.060502225;0.019014492;0.029626633;0.027082951;0.104121653;0.027475515;0.010842441;0.013123763;0.051155568;0.012579903;0.012549161;0.011994349;0.06832387;0.013997385;0.022604812;0.01935942;0.09215899;0.022920847;0.015940931;0.014529308;0.077165768;0.01837786;0.389263;-2.77578;5.89222;-6.45181;;;
2S5;Resting;0.005013728;0.00664728;0.065989865;0.015350399;0.006103417;0.007870734;0.102375906;0.016841981;0.005719019;0.010720453;0.165489643;0.020155521;0.00468612;0.006562915;0.079185618;0.017066163;0.004742755;0.006697074;0.108420634;0.018482316;0.006073744;0.008251831;0.099011452;0.017509493;0.004866356;0.006987545;0.071902977;0.016593871;-7.70648;-10.6369;12.1398;-7.03507;;;
2S6;Resting;0.012944417;0.01984613;0.046201583;0.039576833;0.014124228;0.020682863;0.050967252;0.042085986;0.014249894;0.022869862;0.054022794;0.046667217;0.018783859;0.024086616;0.045282893;0.036044647;0.016427789;0.022747217;0.054716137;0.034074148;0.009635624;0.020949481;0.058226511;0.038826302;0.012476471;0.02312151;0.059549143;0.036804315;-2.54832;0.709624;2.38879;1.95298;;;
2S7;Resting;0.010930859;0.018795424;0.037929764;0.047777715;0.015667871;0.018069088;0.03392256;0.05070991;0.018247307;0.021768597;0.032176243;0.054288037;0.012672042;0.019593749;0.06244054;0.06141484;0.040397313;0.018528565;0.030561392;0.026933305;0.018731066;0.022474072;0.032628983;0.040904787;0.018158122;0.020276039;0.043674653;0.033367428;0.27743;-1.1642;-0.208702;4.26818;;;
2S8;Resting;0.007051815;0.016425505;0.066425672;0.018701188;0.007394144;0.015663026;0.072760472;0.019362714;0.007761282;0.017366737;0.100260956;0.021455306;0.006532415;0.017187831;0.072740192;0.018603754;0.007362603;0.018752874;0.077018154;0.018962165;0.008213506;0.021796002;0.089776754;0.019943062;0.008321746;0.027472204;0.091761955;0.018684129;-6.44409;-1.58546;8.60432;-6.19403;;;
2S9;Resting;0.006461121;0.011724852;0.048258114;0.029166849;0.006597269;0.012888837;0.065735391;0.034380716;0.007682958;0.012605553;0.081196416;0.040319368;0.00643827;0.011193178;0.059761397;0.03304979;0.004554157;0.00905398;0.065815081;0.037620951;0.008496225;0.015560234;0.095871588;0.045089729;0.006968211;0.011773341;0.087169588;0.039119907;-6.91642;-7.30182;6.22328;1.04267;;;
2S10;Resting;0.004902422;0.007917356;0.080046051;0.009615468;0.005731072;0.008561305;0.10293231;0.011169336;0.006007837;0.009530227;0.102223751;0.010858974;0.00367738;0.006828847;0.083579386;0.009818523;0.003600011;0.006799002;0.076763783;0.010439514;0.007574516;0.010393977;0.13424268;0.013761574;0.006489689;0.009410123;0.141589089;0.013574915;-7.67934;-10.0354;13.182;-9.44449;;;
2S11;Resting;0.027863328;0.023799624;0.018234168;0.02719102;0.029413424;0.026186167;0.020056509;0.029953058;0.033792586;0.02539606;0.020601857;0.02757741;0.024320271;0.020946629;0.017764449;0.02618924;0.025794634;0.022501235;0.022052779;0.039232193;0.040412907;0.031023166;0.02878211;0.032054064;0.033382612;0.02799204;0.027171958;0.042559657;6.48745;2.9408;-4.43448;-0.937302;;;
2S12;Resting;0.004418553;0.014872831;0.06030568;0.007368621;0.004786827;0.015904645;0.081373179;0.00758108;0.006187199;0.018393406;0.090401207;0.007539211;0.004052579;0.016685088;0.0702938;0.00729415;0.005307016;0.01944685;0.087790311;0.006115684;0.006530442;0.02560065;0.139697875;0.009771178;0.00632842;0.029932366;0.12357158;0.010059807;-7.68157;-0.99187;10.632;-10.8175;;;
2S13;Resting;0.005427338;0.017296859;0.071034367;0.015301688;0.006431154;0.01855525;0.096549833;0.017792074;0.005530665;0.014935766;0.07456258;0.015090474;0.006264123;0.018720381;0.085203576;0.018073917;0.007668744;0.019049455;0.147403277;0.025937317;0.006436579;0.017616479;0.087391227;0.017272536;0.006753651;0.018708606;0.100162077;0.020138436;-7.07085;-2.52228;11.5956;-6.62916;;;
2S1;Image right;0.0219691;0.019779869;0.014556434;0.046824998;0.02300073;0.022960775;0.017784641;0.058909219;0.025821513;0.023799741;0.019877581;0.083002025;0.01998356;0.018225542;0.013510451;0.045359533;0.021044087;0.018296876;0.015975564;0.054935003;0.028687292;0.026248143;0.016752531;0.049642877;0.026123849;0.023606237;0.015274718;0.045136782;2.69372;0.167522;-5.64737;8.13673;;;
2S3;Image right;0.024553956;0.032371165;0.01945085;0.03823515;0.022613913;0.029780001;0.021604215;0.044359841;0.027459206;0.030059457;0.026062586;0.0489427;0.019582093;0.02651771;0.015427949;0.031619057;0.013250484;0.021689877;0.013841754;0.031637999;0.034924776;0.044683104;0.032909367;0.048055605;0.02555633;0.033097012;0.022949143;0.036402867;2.63006;6.96228;-4.50319;2.3748;;;
2S4;Image right;0.040012254;0.040970787;0.017262029;0.029855133;0.046857812;0.041559164;0.01844582;0.033042098;0.053121797;0.048043379;0.021542395;0.040739346;0.031082084;0.027094356;0.014197088;0.035085945;0.024089814;0.01971692;0.011397993;0.030778638;0.040490191;0.040343155;0.015001565;0.024917793;0.027400658;0.029763961;0.012450394;0.023786952;10.3079;9.92162;-5.66709;-1.53948;;;
2S5;Image right;0.018922219;0.024265302;0.012998244;0.032876963;0.017238101;0.022279449;0.014413345;0.034375716;0.017328015;0.022032978;0.016576698;0.038111146;0.017589562;0.023913395;0.014611638;0.03179144;0.013074168;0.01961781;0.015688142;0.038316825;0.023827501;0.028444998;0.012183431;0.038139364;0.019500924;0.025109133;0.01210263;0.031280555;-0.458251;1.64441;-6.08619;0.151437;;;
2S6;Image right;0.017359153;0.029780186;0.022941429;0.051363452;0.01433856;0.028505579;0.023686469;0.053611864;0.013647398;0.023571687;0.023029229;0.057172487;0.014764933;0.032229791;0.022753157;0.048693561;0.013425263;0.028098021;0.022893432;0.046951807;0.015802453;0.022990978;0.023017181;0.056796502;0.013819019;0.025730424;0.023438768;0.050721245;-2.33712;4.94104;-4.04013;7.33855;;;
2S7;Image right;0.009546019;0.011727001;0.025403882;0.080402473;0.010221451;0.010621951;0.020168002;0.067617603;0.010798871;0.011150689;0.02018619;0.068083152;0.00874883;0.012369056;0.034052675;0.101733779;0.007922808;0.009833227;0.019052743;0.098734549;0.010608805;0.011463141;0.019048644;0.054638997;0.009023199;0.010251377;0.018068068;0.051163184;-5.31456;-7.94481;-4.0205;15.6264;;;
2S8;Image right;0.017029998;0.019981477;0.039652642;0.042179846;0.018649515;0.022148629;0.040449185;0.047014216;0.021526657;0.026082275;0.045276333;0.060038087;0.015389369;0.01727965;0.041441825;0.042510535;0.013930295;0.015720982;0.037916923;0.045254686;0.020290121;0.023855283;0.033595732;0.036815416;0.017453507;0.020421037;0.0312393;0.031441961;-0.723175;-0.739142;-0.47161;3.50513;;;
2S9;Image right;0.033330016;0.024244392;0.014301777;0.032385112;0.034665827;0.024621994;0.015091448;0.03448144;0.032732378;0.022317437;0.0144234;0.035658869;0.029074139;0.021666756;0.014289538;0.03515153;0.025433654;0.017094956;0.011036834;0.03426694;0.041035637;0.030897451;0.01737171;0.036710747;0.038914041;0.029059623;0.016183984;0.033976254;8.23068;1.94612;-5.96082;0.0596534;;;
2S10;Image right;0.015943539;0.01491601;0.017396775;0.024138871;0.027272614;0.024692651;0.023193486;0.02727633;0.018007411;0.018931076;0.022809288;0.027713829;0.017435169;0.015447831;0.019583671;0.02480526;0.019343027;0.017347211;0.021705477;0.024799851;0.059286713;0.047628548;0.037632364;0.034481215;0.030724847;0.025232854;0.031773735;0.027817954;3.9204;0.846892;-3.90552;-2.86621;;;
2S11;Image right;0.021713567;0.021778971;0.012115018;0.034472087;0.02414229;0.02403591;0.013494369;0.038399159;0.023732942;0.025392946;0.013507049;0.041639233;0.020327426;0.021976613;0.01283045;0.033864664;0.023844771;0.026924681;0.018147756;0.06449214;0.029122638;0.031084776;0.018664536;0.041459431;0.028910819;0.026001016;0.015775136;0.04215272;3.15904;3.02777;-5.9851;2.97124;;;
2S12;Image right;0.014172021;0.013550866;0.022028618;0.060929209;0.014848783;0.014904604;0.025119335;0.068307435;0.011111845;0.012582095;0.02403155;0.062711581;0.012182027;0.011989965;0.01852526;0.05868945;0.011179748;0.009645844;0.01433407;0.050971496;0.019829286;0.017013736;0.021813401;0.048101025;0.018343774;0.015801986;0.017664209;0.041565352;-2.52579;-6.11853;-4.58461;8.67988;;;
2S13;Image right;0.040407518;0.029096228;0.015064077;0.031512801;0.042648776;0.030985055;0.016913957;0.034907595;0.038615519;0.030229664;0.017458919;0.045167259;0.04230062;0.026398683;0.015556567;0.030270006;0.039718551;0.024957617;0.021045343;0.030693808;0.043241398;0.032993025;0.017346541;0.035074327;0.039221921;0.026817026;0.01481442;0.029588409;12.5321;5.54244;-5.49321;-0.270012;;;
